{
  "1": {"diameter": 0.16495163092555346, "min_x": -0.038024, "min_y": -0.005676, "min_z": -0.076512, "size_x": 0.076296, "size_y": 0.010758, "size_z": 0.15446300000000002},
  "2": {"diameter": 0.182566299206617, "min_x": -0.042918, "min_y": -0.004921, "min_z": -0.068755, "size_x": 0.090487, "size_y": 0.009774, "size_z": 0.162136},
  "3": {"diameter": 0.13156491794547664, "min_x": -0.030425, "min_y": -0.004124, "min_z": -0.06004, "size_x": 0.061475, "size_y": 0.006483, "size_z": 0.121454},
  "4": {"diameter": 0.16437583750606766, "min_x": -0.03504, "min_y": -0.004235, "min_z": -0.075722, "size_x": 0.071689, "size_y": 0.008619, "size_z": 0.15451474999999998},
  "5": {"diameter": 0.182566299206617, "min_x": -0.042918, "min_y": -0.004921, "min_z": -0.068755, "size_x": 0.090487, "size_y": 0.009774, "size_z": 0.162136},
  "6": {"diameter": 0.15600470234258967, "min_x": -0.037613, "min_y": -0.007968, "min_z": -0.069208, "size_x": 0.07261300000000001, "size_y": 0.011365, "size_z": 0.1467},
  "7": {"diameter": 0.17466646566814134, "min_x": -0.037354, "min_y": -0.005575, "min_z": -0.075799, "size_x": 0.07522999999999999, "size_y": 0.008494999999999999, "size_z": 0.162218},
  "8": {"diameter": 0.16495163092555346, "min_x": -0.038024, "min_y": -0.005676, "min_z": -0.076512, "size_x": 0.076296, "size_y": 0.010758, "size_z": 0.15446300000000002},
  "9": {"diameter": 0.17551659726931806, "min_x": -0.040974, "min_y": -0.007266, "min_z": -0.082337, "size_x": 0.08175199999999999, "size_y": 0.009325, "size_z": 0.16547800000000001},
  "10": {"diameter": 0.12426833475185864, "min_x": -0.028714, "min_y": -0.003515, "min_z": -0.057985, "size_x": 0.057692, "size_y": 0.006508, "size_z": 0.116014},
  "11": {"diameter": 0.16495163092555346, "min_x": -0.038024, "min_y": -0.005676, "min_z": -0.076512, "size_x": 0.076296, "size_y": 0.010758, "size_z": 0.15446300000000002},
  "12": {"diameter": 0.1755165972693181, "min_x": -0.040973, "min_y": -0.007263, "min_z": -0.082336, "size_x": 0.081752, "size_y": 0.009324, "size_z": 0.16547800000000001},
  "13": {"diameter": 0.16495163092555346, "min_x": -0.038024, "min_y": -0.005676, "min_z": -0.076512, "size_x": 0.076296, "size_y": 0.010758, "size_z": 0.15446300000000002},
  "14": {"diameter": 0.13156491794547664, "min_x": -0.030425, "min_y": -0.004124, "min_z": -0.06004, "size_x": 0.061475, "size_y": 0.006483, "size_z": 0.121454},
  "15": {"diameter": 0.13156491794547664, "min_x": -0.030425, "min_y": -0.004124, "min_z": -0.06004, "size_x": 0.061475, "size_y": 0.006483, "size_z": 0.121454},
  "16": {"diameter": 0.18070270986242845, "min_x": -0.038738, "min_y": -0.004572, "min_z": -0.084, "size_x": 0.078226, "size_y": 0.010848, "size_z": 0.163478},
  "17": {"diameter": 0.17520119786780142, "min_x": -0.037855, "min_y": -0.00546, "min_z": -0.081163, "size_x": 0.075003, "size_y": 0.01021, "size_z": 0.164578},
  "18": {"diameter": 0.15600470234258967, "min_x": -0.037613, "min_y": -0.003828, "min_z": -0.06921, "size_x": 0.07261300000000001, "size_y": 0.011365, "size_z": 0.1467},
  "19": {"diameter": 0.1807032278637407, "min_x": -0.038737, "min_y": -0.004571, "min_z": -0.084, "size_x": 0.078226, "size_y": 0.010848, "size_z": 0.163478},
  "20": {"diameter": 0.17466646566814134, "min_x": -0.037354, "min_y": -0.005575, "min_z": -0.075799, "size_x": 0.07522999999999999, "size_y": 0.008494999999999999, "size_z": 0.162218},
  "21": {"diameter": 0.17466646566814134, "min_x": -0.037354, "min_y": -0.005575, "min_z": -0.075799, "size_x": 0.07522999999999999, "size_y": 0.008494999999999999, "size_z": 0.162218},
  "22": {"diameter": 0.17520171492882142, "min_x": -0.038155, "min_y": -0.005889, "min_z": -0.08141, "size_x": 0.075003, "size_y": 0.01021, "size_z": 0.164578},
  "23": {"diameter": 0.15600470234258967, "min_x": -0.037613, "min_y": -0.007968, "min_z": -0.069208, "size_x": 0.07261300000000001, "size_y": 0.011365, "size_z": 0.1467},
  "24": {"diameter": 0.17551659726931806, "min_x": -0.040974, "min_y": -0.007266, "min_z": -0.082337, "size_x": 0.08175199999999999, "size_y": 0.009325, "size_z": 0.16547800000000001},
  "25": {"diameter": 0.15600470234258967, "min_x": -0.037613, "min_y": -0.007968, "min_z": -0.069208, "size_x": 0.07261300000000001, "size_y": 0.011365, "size_z": 0.1467},
  "26": {"diameter": 0.1643755024568934, "min_x": -0.03504, "min_y": -0.004235, "min_z": -0.075722, "size_x": 0.071689, "size_y": 0.008619, "size_z": 0.1545175}
}