{
  "obj_000001": 0.17999566186975507,
  "obj_000002": 0.1860298319554324,
  "obj_000003": 0.1405473993519492,
  "obj_000004": 0.1707419476056885,
  "obj_000005": 0.1860298319554324,
  "obj_000006": 0.16499925219581818,
  "obj_000007": 0.17904651496815194,
  "obj_000008": 0.17999566186975507,
  "obj_000009": 0.18480697878980604,
  "obj_000010": 0.14193875362807798,
  "obj_000011": 0.17999566186975507,
  "obj_000012": 0.18481468625446706,
  "obj_000013": 0.17999566186975507,
  "obj_000014": 0.1405473993519492,
  "obj_000015": 0.1405473993519492,
  "obj_000016": 0.18345662054053438,
  "obj_000017": 0.1814784528392005,
  "obj_000018": 0.16486670895362354,
  "obj_000019": 0.18388010690374704,
  "obj_000020": 0.17904651496815194,
  "obj_000021": 0.17904651496815194,
  "obj_000022": 0.18153578792768615,
  "obj_000023": 0.16511617429469252,
  "obj_000024": 0.18480697878980604,
  "obj_000025": 0.16499925219581818,
  "obj_000026": 0.1707663578480976
}