{
  "1": {"diameter": 164.95163092555345, "min_x": -38.024, "min_y": -5.676, "min_z": -76.512, "size_x": 76.29599999999999, "size_y": 10.758, "size_z": 154.463},
  "2": {"diameter": 181.799512573604, "min_x": -42.918, "min_y": -4.921, "min_z": -68.74, "size_x": 90.487, "size_y": 9.774000000000001, "size_z": 162.106},
  "3": {"diameter": 131.56491794547662, "min_x": -30.425, "min_y": -4.124, "min_z": -60.04, "size_x": 61.475, "size_y": 6.483, "size_z": 121.45400000000001},
  "4": {"diameter": 164.37583750606765, "min_x": -35.04, "min_y": -4.232, "min_z": -75.722, "size_x": 71.689, "size_y": 8.602655, "size_z": 154.48586999999998},
  "5": {"diameter": 181.799512573604, "min_x": -42.918, "min_y": -4.921, "min_z": -68.74, "size_x": 90.487, "size_y": 9.774000000000001, "size_z": 162.106},
  "6": {"diameter": 156.00293579609325, "min_x": -37.613, "min_y": -7.968, "min_z": -69.208, "size_x": 72.613, "size_y": 11.365, "size_z": 146.7},
  "7": {"diameter": 174.66646566814134, "min_x": -37.354, "min_y": -5.575, "min_z": -75.799, "size_x": 75.22999999999999, "size_y": 8.495000000000001, "size_z": 162.21800000000002},
  "8": {"diameter": 164.95163092555345, "min_x": -38.024, "min_y": -5.676, "min_z": -76.512, "size_x": 76.29599999999999, "size_y": 10.758, "size_z": 154.463},
  "9": {"diameter": 175.51657861877436, "min_x": -40.974, "min_y": -7.244, "min_z": -82.337, "size_x": 81.752, "size_y": 9.303, "size_z": 165.46},
  "10": {"diameter": 124.26833475185988, "min_x": -28.714, "min_y": -3.515, "min_z": -57.985, "size_x": 57.692, "size_y": 6.508, "size_z": 116.01400000000001},
  "11": {"diameter": 164.95163092555345, "min_x": -38.024, "min_y": -5.676, "min_z": -76.512, "size_x": 76.29599999999999, "size_y": 10.758, "size_z": 154.463},
  "12": {"diameter": 175.5165972693181, "min_x": -40.973, "min_y": -7.263, "min_z": -82.336, "size_x": 81.75200000000001, "size_y": 9.324, "size_z": 165.478},
  "13": {"diameter": 164.95163092555345, "min_x": -38.024, "min_y": -5.676, "min_z": -76.512, "size_x": 76.29599999999999, "size_y": 10.758, "size_z": 154.463},
  "14": {"diameter": 131.56491794547662, "min_x": -30.425, "min_y": -4.124, "min_z": -60.04, "size_x": 61.475, "size_y": 6.483, "size_z": 121.45400000000001},
  "15": {"diameter": 131.56491794547662, "min_x": -30.425, "min_y": -4.124, "min_z": -60.04, "size_x": 61.475, "size_y": 6.483, "size_z": 121.45400000000001},
  "16": {"diameter": 180.634875521686, "min_x": -38.738, "min_y": -4.572, "min_z": -84.0, "size_x": 78.226, "size_y": 10.847999999999999, "size_z": 163.478},
  "17": {"diameter": 175.19934817744414, "min_x": -37.855, "min_y": -5.46, "min_z": -81.137, "size_x": 75.00211999999999, "size_y": 10.21, "size_z": 164.55200000000002},
  "18": {"diameter": 156.0073763991944, "min_x": -37.613, "min_y": -3.828145, "min_z": -69.21052, "size_x": 72.613, "size_y": 11.365145, "size_z": 146.70238},
  "19": {"diameter": 180.65341293523406, "min_x": -38.737, "min_y": -4.571, "min_z": -84.0, "size_x": 78.226, "size_y": 10.847999, "size_z": 163.478},
  "20": {"diameter": 174.66646566814134, "min_x": -37.354, "min_y": -5.575, "min_z": -75.799, "size_x": 75.22999999999999, "size_y": 8.495000000000001, "size_z": 162.21800000000002},
  "21": {"diameter": 174.66646566814134, "min_x": -37.354, "min_y": -5.575, "min_z": -75.799, "size_x": 75.22999999999999, "size_y": 8.495000000000001, "size_z": 162.21800000000002},
  "22": {"diameter": 175.19870908334548, "min_x": -38.155, "min_y": -5.889, "min_z": -81.384, "size_x": 75.00188, "size_y": 10.21, "size_z": 164.55200000000002},
  "23": {"diameter": 156.00293579609325, "min_x": -37.613, "min_y": -7.968, "min_z": -69.208, "size_x": 72.613, "size_y": 11.365, "size_z": 146.7},
  "24": {"diameter": 175.51657861877436, "min_x": -40.974, "min_y": -7.244, "min_z": -82.337, "size_x": 81.752, "size_y": 9.303, "size_z": 165.46},
  "25": {"diameter": 156.00293579609325, "min_x": -37.613, "min_y": -7.968, "min_z": -69.208, "size_x": 72.613, "size_y": 11.365, "size_z": 146.7},
  "26": {"diameter": 164.3755024568934, "min_x": -35.04, "min_y": -4.232, "min_z": -75.722, "size_x": 71.689, "size_y": 8.614781, "size_z": 154.488}
}